no,id,err1,err2,err3,err4,err5,err6,err7,err8,err9
0,1.1.1,"정보보호 및 개인정보보호 정책서에 분기별로 정보보호 및 개인정보보호 현황을 경영진에게 보고하도록 명시하였으나, 장기간 관련 보고를 수행하지 않은 경우","중요 정보보호 활동(위험평가, 위험수용수준 결정, 정보보호대책 및 이행계획 검토, 정보보호대책 이행결과 검토, 보안감사 등)을 수행하면서 관련 활동관련 보고, 승인 등 의사결정 에 경영진 또는 경영진의 권한을 위임받은 자가 참여하지 않았거나 관련 증적이 확인되지 않는 경우",,,,,,,
1,1.1.2,정보통신망법에 따른 정보보호 최고책임자 지정 및 신고 의무 대상자임에도 불구하고 정보보호 최고책임자를 지정 및 신고하지 않은 경우,개인정보 보호법을 적용받는 민간기업이 개인정보 처리업무 관련 임원이 존재함에도 불구하고 부서장을 개인정보 보호책임자로 지정한 경우,조직도상에 정보보호 최고책임자 및 개인정보 보호책임자를 명시하고 있으나 인사발령 등의 공식적인 지정절차를 거치지 않은 경우,,,,,,
2,1.1.3,"정보보호 및 개인정보보호 위원회를 구성하였으나, 임원 등 경영진이 포함되어 있지 않고 실무부서의 장으로 구성되어 있어 조직의 중요 정보 및 개인정보 보호에 관한 사항을 결정 할 수 없는 경우","내부 지침에 따라 중요 정보처리부서 및 개인정보처리부서의 장(팀장급)으로 구성된 정보보호 및 개인정보보호 실무협의체를 구성하였으나, 장기간 운영 실적이 없는 경우","정보보호 및 개인정보보호 위원회를 개최하였으나 연간 정보보호 및 개인정보보호 계획 및 교육계획, 예산 및 인력 등 정보보호 및 개인정보보호에 관한 주요 사항이 검토 및 의사결정 되지 않은 경우",,,,,,
3,1.1.4,"정보시스템 및 개인정보처리시스템 개발업무에 관련한 개발 및 시험 시스템, 외주업체직원, PC, 테스트용 단말기 등이 관리체계 범위에서 누락됨","정보보호 및 개인정보보호 관리체계 범위로 설정된 서비스 또는 사업에 대하여 중요 의사결정자 역할을 수행하고 있는 임직원, 사업부서 등의 핵심 조직(인력)을 인증범위에 포함하지 않은 경우","인증범위 내 조직 및 인력에 적용하고 있는 보안시스템(PC보안, 백신, 패치 등)을 인증범위에서 배제하고 있는 경우",정보통신망법에 따른 정보보호 관리체계 의무대상자 임에도 불구하고 인터넷에 공개되어 있는 일부 웹사이트가 관리체계 범위에서 누락된 경우,,,,,
4,1.1.5,"내부 규정에 따르면 정보보호 및 개인정보보호 정책서 제·개정 시에는 정보보호 및 개인정보보호 위원회의 의결을 거치도록 하고 있으나, 최근 정책서 개정 시 위원회에 안건으로 상정하지 않고 정보보호 최고책임자 및 개인정보 보호책임자의 승인을 근거로만 개정한 경우","정보보호 및 개인정보보호 정책 및 지침서가 최근에 개정되었으나, 해당 사항이 관련 부서 및 임직원에게 공유 전달되지 않아 일부 부서에서는 구버전의 지침서를 기준으로 업무를 수행하고 있는 경우","정보보호 및 개인정보보호 정책 및 지침서를 보안부서에서만 관리하고 있고 임직원이 열람할 수 있도록 게시판, 문서 등의 방법으로 제공하지 않는 경우",,,,,,
5,1.1.6,"정보보호 및 개인정보보호 조직을 구성하는데, 분야별 전문성을 갖춘 인력이 아닌 정보보호 관련 또는 IT 관련 전문성이 없는 인원으로만 보안인력을 구성한 경우","개인정보처리시스템의 기술적, 관리적 보호조치의 요건을 갖추기 위한 보안 솔루션 등의 비용을 최고경영자가 지원하지 않고 법적 위험을 수용하고 있는 경우",인증을 취득한 이후에 인력과 예산 지원을 대폭 줄이고 기존 인력을 타부서로 배치하거나 일부 예산을 다른 용도로 사용하는 경우,,,,,,
6,1.2.1,"정보보호 및 개인정보보호 관리체계 범위 내의 자산 목록에서 중요정보 취급자 및 개인정보취급자 PC를 통제하는데 사용되는 출력물 보안, 문서암호화, USB매체제어 등의 내부정보 유출통제 시스템이 누락되어 있는 경우",정보보호 및 개인정보보호 관리체계 범위 내에서 제3자로부터 제공받은 개인정보가 있으나 해당 개인정보에 대한 자산 식별이 이루어지지 않은 경우,내부 지침에 명시된 정보자산 및 개인정보 보안등급 분류 기준과 자산관리 대장의 분류기준이 일치하지 않은 경우,,,,,,
7,1.2.2,관리체계 범위 내 주요 서비스의 업무 절차-흐름 및 현황에 문서화가 이루어지지 않은 경우,개인정보 흐름도를 작성하였으나 실제 개인정보의 흐름과 상이한 부분이 다수 존재하거나 중요한 개인정보 흐름이 누락되어 있는 경우,최초 개인정보 흐름도 작성 이후에 현행화가 이루어지지 않아 변화된 개인정보 흐름이 흐름도에 반영되지 않고 있는 경우,,,,,,
8,1.2.3,"수립된 위험관리계획서에 위험평가 기간 및 위험관리 대상과 방법이 정의 되어 있으나, 위험관리 수행 인력과 소요 예산 등 구체적인 실행계획이 누락되어 있는 경우","전년도에는 위험평가를 수행하였으나, 금년도에는 자산의 변경이 없었다는 사유로 위험 평가를 수행하지 않은 경우","위험관리 계획에 따라 위험 식별 및 평가를 수행하고 있으나, 범위 내 중요 정보자산에 대한 위험 식별 및 평가를 수행하지 않았거나 정보보호 관련 법적 요구 사항 준수여부에 따른 위험을 식별 및 평가하지 않은 경우",위험관리 계획에 따라 위험 식별 및 평가를 수행하고 수용 가능한 목표 위험수준을 설정하였으나 관련 사항을 경영진(정보보호 최고책임자 등)에 보고하여 승인받지 않은 경우,,,,,
9,1.2.4,정보보호 및 개인정보보호 대책에 대한 이행계획은 수립하였으나 정보보호 최고책임자 및 개인정보 보호책임자에게 보고가 이루어지지 않은 경우,위험감소가 요구되는 일부 위험의 조치 이행계획이 누락되어 있는 경우,이행계획 시행에 대한 결과를 정보보호 최고책임자 및 개인정보 보호책임자에게 보고하였으나 일부 미이행된 건에 대한 사유 보고 및 후속 조치가 이루어지지 않은 경우,,,,,,
10,1.3.1,정보보호 및 개인정보보호 대책에 대한 이행완료 결과를 정보보호 최고책임자 및 개인정보 보호책임자에게 보고하지 않은 경우,"위험조치 이행결과보고서는 ‘조치 완료’로 명시되어 있으나, 관련된 위험이 여전히 존재하거나 이행결과의 정확성 및 효과성이 확인되지 않은 경우",전년도 정보보호대책 이행계획에 따라 중장기로 분류된 위험들이 해당년도에 구현이 되고 있지 않거나 이행결과를 경영진이 검토 및 확인하고 있지 않은 경우,,,,,,
11,1.3.2,정보보호대책을 마련하여 구현하고 있으나 관련 내용을 충분히 공유·교육하지 않아 실제 운영 또는 수행 부서 및 담당자가 해당 내용을 인지하지 못하고 있는 경우,,,,,,,,
12,1.3.3,정보보호 및 개인정보보호 관리체계 운영현황 중 주기적 또는 상시적인 활동이 요구되는 활동 현황을 문서화하지 않은 경우,"정보보호 및 개인정보보호 관리체계 운영현황에 대한 문서화는 이루어졌으나, 해당 운영현황에 대한 주기적인 검토가 이루어지지 않아 월간 및 분기별 활동이 요구되는 일부 정보보호 및 개인정보보호 활동이 누락되었고 일부는 이행 여부를 확인할 수 없는 경우",,,,,,,
13,1.4.1,"정보통신망법 및 개인정보 보호법이 최근 개정되었으나, 개정사항이 조직에 미치는 영향을 검토하지 않았으며 정책서 및 시행문서에도 해당 내용을 반영하지 않아 정책서 및 시행문서의 내용이 법령의 내용과 일치하지 않은 경우","조직에서 준수해야 할 법률이 개정되었으나, 해당 법률 준거성 검토를 1년 이상 수행하지 않은 경우",법적 준거성 준수 여부에 대한 검토가 적절히 이루어지지 않아 개인정보 보호법 등 법규 위반 사항이 다수 발견된 경우,,,,,,
14,1.4.2,관리체계 점검 인력에 점검 대상으로 식별된 전산팀 직원이 포함되어 있어 점검의 독립성이 훼손된 경우,"금년도 관리체계 점검을 실시하였으나, 점검범위가 일부 영역에 국한되어 있어 정보보호 및 개인정보보호 관리체계 범위를 충족하지 못한 경우",관리체계 점검 시 발견된 문제점에 대하여 조치계획을 수립하지 않았거나 조치 완료여부를 확인하지 않은 경우,,,,,,
15,1.4.3,내부점검을 통해 발견된 정보보호 및 개인정보보호 관리체계 운영상의 문제점이 매번 동일하게 반복되어 발생되는 경우,"내부 규정에는 내부점검 시 발견된 문제점에 대해서는 근본원인에 대한 분석 및 재발방지대책을 수립하도록 되어 있으나, 최근에 수행된 내부점검에서는 발견된 문제점에 대하여 근본원인 분석 및 재발방지 대책이 수립되지 않은 경우","관리체계 상 문제점에 대한 재발방지 대책을 수립하고 핵심성과지표를 마련하여 주기적으로 측정하고 있으나, 그 결과에 대해 경영진 보고가 장기간 이루어지지 않은 경우",,,,,,
16,2.1.1,지침서와 절차서 간 패스워드 설정 규칙에 일관성이 없는 경우,"정보보호 활동(정보보호 교육, 암호화, 백업 등)의 대상, 주기, 수준, 방법 등이 관련 내부 규정, 지침, 절차에 서로 다르게 명시되어 일관성이 없는 경우","데이터베이스에 대한 접근 및 작업이력을 효과적으로 기록 및 관리하기 위해 DB 접근통제 솔루션을 신규로 도입하여 운영하고 있으나 보안시스템 보안 관리지침 및 데이터베이스 보안 관리지침 등 내부 보안지침에 접근통제, 작업이력, 로깅, 검토 등에 관한 사항이 반영되어 있지 않은 경우","개인정보보호 정책이 개정 되었으나 정책 시행 기준일이 명시되어 있지 않으며, 관련 정책 의 작성일자 작성자 및 승인자 등이 누락되어 있는 경우","개인정보 보호 관련 법령, 고시 등에 중대한 변경사항이 발생하였으나 이러한 변경이 개인 정보보호 정책 및 시행문서에 미치는 영향을 검토하지 않았거나 변경사항을 반영하여 개정 하지 않은 경우",,,,
17,2.1.2,"내부 지침 및 직무기술서에 정보보호 최고책임자, 개인정보 보호책임자 및 관련 담당자의 역할과 책임을 정의하고 있으나 실제 운영현황과 일치하지 않는 경우","정보보호 최고책임자 및 관련 담당자의 활동을 주기적으로 평가할 수 있는 목표, 기준, 지표 등의 체계가 마련되어 있지 않은 경우","내부 지침에는 부서별 정보보호 담당자는 정보보호와 관련된 KPI를 설정하여 인사평가 시 반영하도록 되어 있으나, 부서별 정보보호 담당자의 KPI에 정보보호와 관련된 사항이 전혀 반영되어 있지 않은 경우","정보보호 최고책임자 및 개인정보 보호책임자가 지정되어 있으나, 관련 법령에서 요구하는 역할 및 책임이 내부 지침이나 직무기술서 등에 구체적으로 명시되어 있지 않은 경우",,,,,
18,2.1.3,"내부 지침에 따라 문서에 보안등급을 표기하도록 되어 있으나, 이를 표시하지 않은 경우","정보자산별 담당자 및 책임자를 식별하지 않았거나, 자산목록 현행화가 미흡하여 퇴직, 전보 등 인사이동이 발생하여 주요 정보자산의 담당자 및 책임자가 변경되었음에도 이를 식별하지 않은 경우",식별된 정보자산에 대한 중요도 평가를 실시하여 보안등급을 부여하고 정보 자산목록에 기록하고 있으나 보안등급에 따른 취급절차를 정의하지 않은 경우,,,,,,
19,2.2.1,"주요 직무자 명단(개인정보취급자 명단, 비밀정보관리자 명단 등)을 작성하고 있으나 대량의 개인정보 등 중요정보를 취급하는 일부 임직원(DBA, DLP 관리자 등)을 명단에 누락한 경우","주요 직무자 및 개인정보취급자 목록을 관리하고 있으나, 퇴사한 임직원이 포함되어 있고 최근 신규 입사한 인력이 포함되어 있지 않는 등 현행화 관리가 되어 있지 않은 경우",부서 단위로 개인정보취급자 권한을 일괄 부여하고 있어 실제 개인정보를 취급할 필요가 없는 인원까지 과다하게 개인정보취급자로 지정된 경우,"내부 지침에는 주요 직무자 권한 부여 시에는 보안팀의 승인을 득하고 주요 직무에 따른 보안서약서를 작성하도록 하고 있으나, 보안팀 승인 및 보안서약서 작성 없이 등록된 주요 직무자가 다수 존재하는 경우",,,,,
20,2.2.2,조직의 규모와 인원이 담당자별 직무 분리가 충분히 가능한 조직임에도 업무의 편의성만을 사유로 내부 규정으로 정한 직무분리 기준을 준수하고 있지 않는 경우,"조직의 특성상 경영진의 승인을 득한 후 개발과 운영 직무를 병행하고 있으나, 직무자간의 상호 검토, 상위관리자의 주기적인 직무수행 모니터링 및 변경 사항 검토·승인, 직무자의 책임추적성 확보 등의 보완통제 절차가 마련되어 있지 않은 경우",,,,,,,
21,2.2.3,"신규 입사자에 대해서는 입사 절차상에 보안서약서를 받도록 규정하고 있으나, 최근에 입 사한 일부 직원의 보안서약서 작성이 누락된 경우","임직원에 대해서는 보안서약서를 받고 있으나, 정보처리시스템에 직접 접속이 가능한 외주 인력에 대해서는 보안서약서를 받지 않는 경우",제출된 정보보호 및 개인정보보호 서약서를 모아 놓은 문서철이 비인가자가 접근 가능한 상태로 사무실 책상에 방치되어 있는 등 관리가 미흡한 경우,개인정보취급자에 대해 보안서약서만 받고 있으나 보안서약서 내에 비밀유지에 대한 내용만 있고 개인정보보호에 관한 책임 및 내용이 포함되어 있지 않은 경우,,,,,
22,2.2.4,전년도에는 연간 정보보호 및 개인정보보호 교육 계획을 수립하여 이행하였으나 당해년도에 타당한 사유 없이 연간 정보보호 및 개인정보보호 교육 계획을 수립하지 않은 경우,"연간 정보보호 및 개인정보보호 교육 계획에 교육 주기와 대상은 명시하고 있으나 시행일정, 내용 및 방법 등의 내용이 포함되어 있지 않은 경우",연간 정보보호 및 개인정보보호 교육 계획에 전 직원을 대상으로 하는 개인정보보호 인식교육은 일정 시간 계획되어 있으나 개인정보 보호책임자 및 개인정보 담당자 등 각 직무별로 필요한 개인정보보호관련 교육 계획이 포함되어 있지 않은 경우,"정보보호 및 개인정보보호 교육 계획서 및 결과 보고서를 확인한 결과, 인증범위 내의 정보자산 및 설비에 접근하는 외주용역업체 직원(전산실 출입 청소원, 경비원, 외주개발자 등)을 교육 대상에서 누락한 경우","당해 연도 정보보호 및 개인정보보호 교육을 실시하였으나 교육시행 및 평가에 관한 기록(교육자료, 출석부, 평가 설문지, 결과보고서 등) 일부를 남기지 않고 있는 경우","정보보호 및 개인정보보호 교육 미이수자를 파악하지 않고 있거나 해당 미이수자에 대한 추가교육 방법(전달교육, 추가교육, 온라인교육 등)을 수립·이행하고 있지 않은 경우",,,
23,2.2.5,직무 변동에 따라 개인정보취급자에서 제외된 인력의 계정과 권한이 개인정보처리시스템 에 그대로 남아 있은 경우,"최근에 퇴직한 주요직무자 및 개인정보취급자에 대하여 자산반납, 권한 회수 등의 퇴직절차 이행 기록이 확인되지 않은 경우",임직원 퇴직 시 자산반납 관리는 잘 이행하고 있으나 인사규정에서 정한 퇴직자 보안점검 및 퇴직확인서를 작성하지 않은 경우,,,,,,
24,2.2.6,정보보호 및 개인정보보호 규정 위반자에 대한 처리 기준 및 절차가 내부 규정에 전혀 포함되어 있지 않은 경우,"보안시스템(DLP, DB접근제어시스템, 내부정보 유출 통제시스템 등)을 통해 정책 위반이 탐지된 관련자에게 경고 메시지를 전달하고 있으나, 이에 대한 소명 및 추가 조사, 징계 처분 등 내부 규정에 따른 후속 조치가 이행되고 있지 않은 경우",,,,,,,
25,2.3.1,"내부 규정에 따라 외부 위탁 및 외부 시설·서비스 현황을 목록으로 관리하고 있으나, 수개월 전에 변경된 위탁업체가 목록에 반영되어 있지 않은 등 현행화 관리가 미흡한 경우",관리체계 범위 내 일부 개인정보처리시스템을 외부 클라우드 서비스로 이전하였으나 이에 대한 식별 및 위험평가가 수행되지 않은 경우,,,,,,,
26,2.3.2,"IT 운영, 개발 및 개인정보 처리업무를 위탁하는 외주용역업체에 대한 위탁계약서가 존재하지 않는 경우",개인정보 처리업무를 위탁하는 외부업체와의 위탁계약서 상에 개인정보 보호법 등 법령에서 요구하는 일부 항목(관리·감독에 관한 사항 등)이 포함되어 있지 않은 경우,인프라 운영과 개인정보 처리업무 일부를 외부업체에 위탁하고 있으나 계약서 등에는 위탁 업무의 특성에 따른 보안요구사항을 식별·반영하지 않고 비밀유지 및 손해배상에 관한 일반 사항만 규정하고 있는 경우,,,,,,
27,2.3.3,회사 내에 상주하여 IT 개발 및 운영 업무를 수행하는 외주업체에 대해서는 정기적으로 보안점검을 수행하고 있지 않은 경우,개인정보 수탁자에 대하여 보안교육을 실시하라는 공문을 발송하고 있으나 교육 수행여부를 확인하고 있지 않은 경우,정보통신서비스 제공자인 신청기관으로부터 개인정보 처리업무를 위탁받은 수탁자 중 일부가 신청기관의 동의 없이 해당 업무를 재위탁한 경우,"수탁자가 자체적으로 보안점검을 수행한 후 그 결과를 통지하도록 하고 있으나, 수탁자가 보안점검을 충실히 수행하고 있는지 여부에 대하여 확인하는 절차가 존재하지 않아 보안 점검 결과의 신뢰성이 매우 떨어지는 경우",,,,,
28,2.3.4,일부 정보시스템에서 계약 만료된 외부자의 계정 및 권한이 삭제되지 않고 존재하는 경우,외주용역사업 수행과정에서 일부 용역업체 담당자가 교체되거나 계약 만료로 퇴직하였으나 관련 인력들에 대한 퇴사시 보안서약서 등 내부 규정에 따른 조치가 이행되지 않은 경우,개인정보 처리 위탁한 업체와 계약 종료 이후 보유하고 있는 개인정보를 파기했는지 여부를 확인 점검하지 않은 경우,,,,,,
29,2.4.1,내부 물리보안 지침에는 개인정보 보관시설 및 시스템 구역을 통제구역으로 지정한다고 명시되어 있으나 멤버십 가입신청 서류가 보관되어 있는 문서고 등 일부 대상 구역이 통제구역에서 누락된 경우,내부 물리보안 지침에 통제구역에 대해서는 지정된 양식의 통제구역 표지판을 설치하도록 명시하고 있으나 일부 통제구역에 표지판을 설치하지 않은 경우,,,,,,,
30,2.4.2,"통제구역을 정의하여 보호대책을 수립하고 출입 가능한 임직원을 관리하고 있으나, 출입기록을 주기적으로 검토하지 않아 퇴직, 전배 등에 따른 장기 미 출입자가 다수 존재하고 있는 경우","전산실, 문서고 등 통제구역에 출입통제 장치가 설치되어 있으나 타당한 사유 또는 승인 없이 장시간 개방 상태로 유지하고 있는 경우",일부 외부 협력업체 직원에게 과도하게 전 구역을 상시 출입할 수 있는 출입카드를 부여하고 있는 경우,,,,,,
31,2.4.3,시스템 배치도가 최신 변경사항을 반영하여 업데이트 되지 않아 장애가 발생된 정보시스템을 신속하게 확인할 수 없는 경우,"서버실 바닥 또는 랙에 많은 케이블이 정리되지 않고 뒤엉켜 있어 전기적으로 간섭, 손상, 누수, 부주의 등에 의한 장애 발생이 우려되는 경우",,,,,,,
32,2.4.4,본사 전산실 등 일부 보호구역에 내부 지침에 정한 보호설비를 갖추고 있지 않은 경우,"전산실 내에 UPS, 소화설비 등의 보호설비는 갖추고 있으나 관련 설비에 대한 운영 및 점검기준을 수립하고 있지 않은 경우",운영지침에 따라 전산실 내에 온·습도 조절기를 설치하였으나 용량 부족으로 인하여 표준 온·습도를 유지하지 못하여 장애발생 가능성이 높은 경우,,,,,,
33,2.4.5,"전산실 출입로그에는 외부 유지보수 업체 직원의 출입기록이 남아 있으나, 이에 대한 보호구역 작업 신청 및 승인 내역은 존재하지 않은 경우(내부 규정에 따른 보호구역 작업 신청 없이 보호구역 출입 및 작업이 이루어지고 있는 경우)","내부 규정에는 보호구역 내 작업기록에 대해 분기별 1회 이상 점검하도록 되어 있으나, 특별한 사유 없이 장기간 동안 보호구역 내 직업기록에 대한 점검이 이루어지고 있지 않은 경우",,,,,,,
34,2.4.6,"이동컴퓨팅기기 반출입에 대한 통제 절차를 수립하고 있으나, 통제구역 내 이동컴퓨팅기기 반입에 대한 통제를 하고 있지 않아 출입이 허용된 내외부인이 이동컴퓨팅기기를 제약없이 사용하고 있는 경우","내부 지침에 따라 전산장비 반출입이 있는 경우 작업계획서에 반출입 내용을 기재하고 관리책임자의 서명을 받도록 되어 있으나, 작업계획서의 반출입 기록에 관리책임자의 서명이 다수 누락되어 있는 경우",,,,,,,
35,2.4.7,개인정보 내부관리계획서 내 개인정보보호를 위한 생활보안 점검(클린데스크 운영 등)을 정기적으로 수행하도록 명시하고 있으나 이를 이행하지 않은 경우,멤버십 가입신청서 등 개인정보가 포함된 서류를 잠금장치가 없는 사무실 문서함에 보관한 경우,직원들의 컴퓨터 화면보호기 및 패스워드가 설정되어 있지 않고 휴가자 책상 위에 중요문서가 장기간 방치되어 있는 경우,"회의실 등 공용 사무 공간에 설치된 공용PC에 대한 보호대책이 수립되어 있지 않아 개인정보가 포함된 파일이 암호화되지 않은 채로 저장되어 있거나 보안 업데이트 미적용, 백신 미설치 등 취약한 상태로 유지하고 있는 경우",,,,,
36,2.5.1,"사용자 및 개인정보취급자에 대한 계정 및 권한에 대한 사용자 등록, 해지 및 승인절차 없이 구두 요청, 이메일 등으로 처리하여 이에 대한 승인 및 처리 이력이 확인되지 않는 경우","개인정보취급자가 휴가, 출장, 공가 등에 따른 업무 백업을 사유로 공식적인 절차를 거치지 않고 개인정보취급자로 지정되지 않은 인원에게 개인정보취급자 계정을 알려주는 경우",정보시스템 또는 개인정보처리시스템 사용자에게 필요 이상의 과도한 권한을 부여하여 업무상 불필요한 정보 또는 개인정보에 접근이 가능한 경우,,,,,,
37,2.5.2,"정보시스템(서버, 네트워크, 침입차단시스템, DBMS 등)의 계정 현황을 확인한 결과, 제조 사에서 제공하는 기본 관리자 계정을 변경하지 않고 사용하고 있는 경우","개발자가 개인정보처리시스템 계정을 공용으로 사용하고 있으나, 타당성 검토 또는 책임자 의 승인 등이 없이 사용하고 있는 경우",외부직원이 유지보수하고 있는 정보시스템의 운영계정을 별도의 승인 절차 없이 개인 계정처럼 사용하고 있는 경우,,,,,,
38,2.5.3,개인정보취급자가 공개된 외부 인터넷망을 통해서 개인정보처리시스템에 접근 시 안전한 인증수단을 적용하지 않고 아이디·비밀번호 방식으로만 인증하고 있는 경우,"정보시스템 및 개인정보처리시스템 로그인 실패 시 해당 아이디가 존재하지 않거나 비밀번호가 틀림을 자세히 표시해 주고 있으며, 로그인 실패 흿수에 대한 제한이 없는 경우",,,,,,,
39,2.5.4,"정보보호 및 개인정보보호 관련 정책, 지침 등에서 비밀번호 생성규칙의 기준을 정하고 있으나 일부 정보시스템 및 개인정보처리시스템에서 내부 지침과 상이한 비밀번호를 사용하고 있는 경우","비밀번호 관련 내부 규정에는 비밀번호를 초기화 시 임시 비밀번호를 부여받고 강제적으로 변경하도록 되어 있으나, 실제로는 임시 비밀번호를 그대로 사용하는 경우",사용자 및 개인정보취급자의 비밀번호 변경주기가 규정되어 있음에도 불구하고 변경하지 않고 그대로 사용하고 있는 경우,,,,,,
40,2.5.5,"정보시스템 및 개인정보처리시스템의 관리자 및 특수 권한 부여 등의 승인 이력이 시스템이나 문서상으로 확인이 되지 않거나, 승인 이력과 특수권한 내역이 서로 일치되지 않는 경우","내부 규정에는 개인정보 관리자 및 특수권한자를 목록으로 작성·관리하도록 되어 있으나 이를 작성 관리하고 있지 않거나, 보안시스템 관리자 등 일부 특수권한이 식별 관리되지 않는 경우",정보시스템 및 개인정보처리시스템의 유지보수를 위하여 분기 1회에 방문하는 유지보수용 특수 계정이 사용기간 제한이 없이 상시로 활성화되어 있는 경우,관리자 및 특수 권한의 사용 여부를 정기적으로 검토하지 않아 일부 특수권한자의 업무가 변경되었음에도 불구하고 기존 관리자 및 특수 권한을 계속 보유하고 있는 경우,,,,,
41,2.5.6,"접근권한 검토와 관련된 방법, 점검주기, 보고체계, 오·남용 기준 등이 관련 지침에 구체적으로 정의되어 있지 않아 접근권한 검토가 정기적으로 수행되지 않은 경우","내부 정책, 지침 등에 장기 미사용자 계정에 대한 잠금(비활성화) 또는 삭제 조치하도록 되어있으나 6개월 이상 미접속한 사용자의 계정이 활성화 되어 있는 경우(접근권한 검토 가 충실히 수행되지 않아 해당 계정이 식별되지 않은 경우)","접근권한 검토 시 접근권한의 과다 부여 및 오·남용 의심사례가 발견되었으나 이에 대한 상세조사, 내부보고 등의 후속조치가 수행되지 않은 경우",,,,,,
42,2.6.1,"네트워크 구성도와 인터뷰를 통해 확인한 결과, 외부 지점에서 사용하는 정보시스템 및 개인정보처리시스템과 IDC에 위치한 서버간의 연결 시 일반 인터넷 회선을 통해 데이터 송 수신을 처리하고 있어 내부 규정에 명시된 VPN이나 전용망 등을 이용한 통신이 이루어지고 있지 않은 경우","내부망에 위치한 DB서버 등 일부 중요 서버의 IP주소가 내부 규정과 달리 공인 IP로 설정 되어 있고, 네트워크 접근 차단이 적용되어 있지 않은 경우",서버팜이 구성되어 있으나 네트워크 접근제어 설정 미흡으로 내부망에서 서버팜으로의 접근이 과도하게 허용되어 있는 경우,"외부자(외부 개발자, 방문자 등)에게 제공되는 네트워크를 별도의 통제 없이 내부 업무 네트워크와 분리하지 않은 경우","내부 규정과는 달리 MAC 주소 인증, 필수 보안 소프트웨어 설치 등의 보호대책을 적용하지 않은 상태로 네트워크 케이블 연결만으로 사내 네트워크에 접근 및 이용할 수 있는 경우",,,,
43,2.6.2,사무실에서 서버관리자가 IDC에 위치한 윈도우 서버에 접근 시 터미널 서비스를 이용하여 접근하고 있으나 터미널 서비스에 대한 Session Timeout 설정이 되어 있지 않아 장시간 아무런 작업을 하지 않아도 해당 세션이 차단되지 않는 경우,서버 간의 접속이 적절히 제한되지 않아 특정 사용자가 본인에게 인가된 서버에 접속한 후 해당 서버를 경유하여 다른 인가받지 않은 서버에도 접속할 수 있는 경우,"타당한 사유 또는 보완 대책 없이 안전하지 않은 접속 프로토콜(telnet, ftp 등)을 사용하여 접근하고 있으며, 불필요한 서비스 및 포트를 오픈하고 있는 경우",,,,,,
44,2.6.3,응용프로그램의 개인정보 처리화면 중 일부 화면의 권한 제어 기능에 오류가 존재하여 개인정보 열람 권한이 없는 사용자에게도 개인정보가 노출되고 있는 경우,응용프로그램의 관리자 페이지가 외부 인터넷에 오픈되어 있으면서 안전한 인증수단이 적용되어 있지 않은 경우,응용프로그램에 대해 타당한 사유 없이 세션 타임아웃 또는 동일 사용자 계정의 동시 접속을 제한하고 있지 않은 경우,응용프로그램을 통해 개인정보를 다운로드 받는 경우 해당 파일 내에 주민등록번호 등 업무상 불필요한 정보가 과도하게 포함되어 있는 경우,"응용프로그램의 개인정보 조회화면에서 like 검색을 과도하게 허용하고 있어, 모든 사용자가 본인의 업무 범위를 초과하여 전체 고객 정보를 조회할 수 있는 경우",,,,
45,2.6.4,대량의 개인정보를 보관·처리하고 있는 데이터베이스를 인터넷을 통해 접근 가능한 웹 응용프로그램과 분리하지 않고 물리적으로 동일한 서버에서 운영하고 있는 경우,개발자 및 운영자들이 응응 프로그램에서 사용하고 있는 계정을 공유하여 운영 데이터베이스에 접속하고 있는 경우,"내부 규정에는 데이터베이스의 접속권한을 오브젝트별로 제한하도록 되어 있으나, 데이터베이스 접근권한을 운영자에게 일괄 부여하고 있어 개인정보 테이블에 접근할 필요가 없는 운영자에게도 과도하게 접근 권한이 부여된 경우","DB접근제어 솔루션을 도입하여 운영하고 있으나, 데이터베이스 접속자에 대한 IP주소 등이 적절히 제한되어 있지 않아 DB접근제어 솔루션을 우회하여 데이터베이스에 접속하고 있는 경우","개인정보를 저장하고 있는 데이터베이스의 테이블 현황이 파악되지 않아, 임시로 생성된 테이블에 불필요한 개인정보가 파기되지 않고 대량으로 저장되어 있는 경우",,,,
46,2.6.5,외부인용 무선 네트워크와 내부 무선 네트워크 영역대가 동일하여 외부인도 무선네트워크를 통해 별도의 통제없이 내부 네트워크에 접근이 가능한 경우,무선 AP 설정 시 정보 송수신 암호화 기능을 설정하였으나 안전하지 않은 방식으로 설정 한 경우,"업무 목적으로 내부망에 연결된 무선AP에 대하여 SSID 브로드캐스팅 허용, 무선AP 관리자 비밀번호 노출(디폴트 비밀번호 사용), 접근제어 미적용 등 보안 설정이 미흡한 경우",,,,,,
47,2.6.6,"내부 규정에는 시스템에 대한 원격 접근은 원칙적으로 금지하고 불가피한 경우 IP 기반의 접근통제를 통해 승인된 사용자만 접근할 수 있도록 명시하고 있으나 시스템에 대한 원격 데스크톱 연결, SSH 접속이 IP주소 등으로 제한되어 있지 않아 모든 PC에서 원격 접속이 가능한 경우",원격운영관리를 위해 VPN을 구축하여 운영하고 있으나 VPN에 대한 사용 승인 또는 접속 기간 제한 없이 상시 허용하고 있는 경우,"부 근무자를 위해 개인 스마트 기기에 업무용 모바일 앱을 설치하여 운영 하고 있으나 악성코드, 분실·도난 등에 의한 개인정보 유출을 방지하기 위한 적절한 보호대책(백신, 초기화, 암호화 등)을 적용하고 있지 않은 경우",,,,,,
48,2.6.7,정보통신망법 등 관련 법규에 따라 망분리를 적용하였으나 개인정보처리시스템의 접근권한 설정 가능자 등 일부 의무대상자에 대해 망분리 적용이 누락된 경우,"망분리 의무대상으로서 망분리를 적용하였으나 타 서버를 경유한 우회접속이 가능하여 망분리가 적용되지 않은 환경에서 개인정보처리시스템 접속 및 개인정보의 다운로드, 파기 등이 가능한 경우",DMZ 및 내부망에 위치한 일부 서버에서 불필요하게 인터넷으로의 직접 접속이 가능한 경우,"인터넷 PC와 내부 업무용 PC를 망분리하고 망간 자료전송시스템을 구축·운영하고 있으나, 자료 전송에 대한 승인 절차가 부재하고 자료 전송 내역에 대한 주기적 검토가 이루어 지고 있지 않은 경우","내부 규정에는 개인정보취급자가 P2P 및 웹하드 사이트 접속 시 책임자 승인을 거쳐 특정 기간 동안만 허용하도록 되어 있으나, 승인절차를 거치지 않고 예외 접속이 허용된 사례가 다수 존재하는 경우",,,,
49,2.7.1,"내부 정책·지침에 암호통제 관련 법적 요구사항을 고려한 암호화 대상, 암호 강도, 저장 및 전송 시 암호화 방법, 암호화 관련 담당자의 역할 및 책임 등에 관한 사항이 적절히 명시되지 않은 경우",암호정책을 수립하면서 해당 기업이 적용받는 법규를 잘못 적용하여(정보통신망법 대상자 에게 개인정보 보호법의 암호화 요건 적용) 암호화 관련 법적 요구사항을 준수하지 못하고 있는 경우,개인정보취급자 및 정보주체(이용자)의 비밀번호에 대하여 일방향 암호화를 적용하였으나 안전하지 않은 MD5 알고리즘을 사용한 경우,"정보통신망법 및 내부 규정에 따라 인터넷 웹사이트에 대하여 보안서버를 적용하였으나, 회원정보 조회 및 변경, 비밀번호 찾기, 비밀번호 변경 등 개인정보가 전송되는 일부 구간에 암호화 조치가 누락된 경우",,,,,
50,2.7.2,"암호 정책 내에 암호키 관리와 관련된 절차, 방법 등이 명시되어 있지 않아 담당자 별로 암호키 관리 수준 및 방법이 상이한 등 암호키 관리 상에 취약사항이 존재하는 경우","내부 규정에 중요 정보를 암호화할 경우 관련 책임자 승인 하에 암호화 키를 생성하고 암호키 관리대장을 작성하도록 정하고 있으나, 암호키 관리대장에 일부 암호키가 누락되어 있거나 현행화되어 있지 않은 경우",,,,,,,
51,2.8.1,정보시스템 인수 전 보안성 검증 기준 및 절차가 마련되어 있지 않은 경우,신규 시스템 도입 시 기존 운영환경에 대한 영향 및 보안성을 검토하도록 내부 규정을 마련하고 있으나 최근 도입한 일부 시스템에 대해 인수테스트(취약점 점검) 등의 관련 보안성 검토 수행 증적이 확인되지 않은 경우,"개발 관련 내부 지침에 개발과 관련된 주요 보안요구사항(인증 및 암호화, 보안로그 등)이 정의되어 있지 않은 경우","‘개발표준정의서’에 사용자 패스워드를 안전하지 않은 암호화 알고리즘(MD5, SHA1)으로 사용하도록 되어 있어 관련 법적 요구사항을 적절히 반영하지 않는 경우",,,,,
52,2.8.2,정보시스템 구현 이후 개발 관련 내부 지침 및 문서에 정의된 보안요구사항을 시험하지 않고 있는 경우,응용프로그램 테스트 시나리오 및 기술적 취약점 점검항목에 입력값 유효성 체크 등의 중요 점검항목 일부가 누락된 경우,"구현 또는 시험 과정에서 알려진 기술적 취약성이 존재하는지 여부를 점검하지 않거나, 타당한 사유 또는 승인 없이 확인된 취약성에 대한 개선조치를 이행하지 않은 경우",공공기관이 5만명 이상 정보주체의 고유식별정보를 처리하는 등 영향평가 의무 대상 개인정보파일 및 개인정보처리시스템을 신규로 구축하면서 영향평가를 실시하지 않은 경우,공공기관이 영향평가를 수행한 후 영향평가 기관으로부터 영향평가서를 제출 받은지 2개월이 지났음에도 불구하고 영향평가서를 개인정보보호위원회 위원장(구.행정안전부장관)에게 제출하지 않은 경우,,,,
53,2.8.3,타당한 사유 또는 승인 없이 별도의 개발환경을 구성하지 않고 운영환경에서 직접 소스코드 변경을 수행하고 있는 경우,"불가피하게 개발시스템과 운영시스템을 분리하지 않고 운영 중에 있으나, 이에 대한 상호 검토 내역, 모니터링 내역 등이 누락되어 있는 경우",개발시스템이 별도로 구성되어 있으나 개발환경으로부터 운영환경으로의 접근이 통제되지 않아 개발자들이 개발시스템을 경유하여 불필요하게 운영시스템 접근이 가능한 경우,,,,,,
54,2.8.4,개발 서버에서 사용할 시험 데이터 생성에 대한 구체적 가준 및 절차가 수립되어 있지 않은 경우,타당한 사유 및 책임자 승인 없이 실 운영데이터를 가공하지 않고 시험 데이터로 사용하고 있는 경우,"불가피한 사유로 사전 승인을 받아 실 운영데이터를 시험 용도로 사용하면서, 테스트 DB에 대해 운영 DB와 동일한 수준의 접근통제를 적용하고 있지 않은 경우",실 운영데이터를 테스트 용도로 사용한 후 테스트가 완료되었음에도 실 운영데이터를 테스트 DB에서 삭제하지 않은 경우,,,,,
55,2.8.5,"별도의 소스 프로그램 백업 및 형상관리 시스템이 구축되어 있지 않으며, 이전 버전의 소스코드를 운영 서버 또는 개발자 PC에 승인 및 이력관리 없이 보관하고 있는 경우","형상관리시스템을 구축하여 운영하고 있으나 형상관리시스템 또는 형상관리시스템에 저장된 소스코드에 대한 접근제한, 접근 및 변경이력이 적절히 관리되지 않고 있는 경우","내부 규정에는 형상관리시스템을 통해 소스 프로그램 버전관리를 하도록 되어 있으나, 최신 버전의 소스 프로그램은 개발자 PC에만 보관되어 있고 이에 대한 별도의 백업이 수행 되고 있지 않은 경우",,,,,,
56,2.8.6,개발·변경이 완료된 소스 프로그램을 운영환경으로 이관 시 검토·승인하는 절차가 마련되어 있지 않은 경우,"운영서버에 서비스 실행에 불필요한 파일(소스코드 또는 배포모듈, 백업본, 개발 관련 문서, 매뉴얼 등)이 존재하는 경우",내부 지침에 운영환경 이관 시 안전한 이관·복구를 위해 변경작업 요청서 및 결과서를 작성 하도록 정하고 있으나 관련 문서가 확인되지 않는 경우,,,,,,
57,2.9.1,최근 DMZ 구간 이중화에 따른 변경 작업을 수행하였으나 변경 후 발생할 수 있는 보안위험성 및 성능 평가에 대한 수행 승인 증적이 확인되지 않은 경우,"최근 네트워크 변경 작업을 수행하였으나 관련 검토 및 공지가 충분히 이루어지지 않아 네트워크 구성도 및 일부 접근통제시스템(침입차단시스템, DB접근제어시스템 등)의 접근 통제리스트(ACL)에 적절히 반영되어 있지 않은 경우",변경관리시스템을 구축하여 정보시스템 입고 또는 변경 시 성능 및 보안에 미치는 영향을 분석·협의하고 관련 이력을 관리하도록 하고 있으나 해당 시스템을 통하지 않고도 시스템 변경이 가능하며 관련 변경사항이 적절히 검토되지 않는 경우,,,,,,
58,2.9.2,성능 및 용량 관리를 위한 대상별 요구사항(임계치 등)을 정의하고 있지 않거나 정기 점검보고서 등에 기록하고 있지 않아 현황을 파악할 수 없는 경우,성능 또는 용량 기준을 초과하였으나 관련 검토 및 후속조치방안 수립·이행이 이루어지고 있지 않은 경우,전산장비 장애대응절차를 수립하고 있으나 네트워크 구성 및 외주업체 변경 등의 내·외부 환경변화가 적절히 반영되어 있지 않은 경우,장애처리절차와 장애유형별 조치방법 간에 일관성이 없거나 예상소요시간 산정에 대한 근거가 부족해 신속·정확하고 체계적인 대응이 어려운 경우,,,,,
59,2.9.3,"백업 대상, 주기, 방법, 절차 등이 포함된 백업 및 복구 절차가 수립되어 있지 않은 경우","백업정책을 수립하고 있으나 법적 요구사항에 따라 장기간(6개월, 3년, 5년 등) 보관이 필요한 백업 대상 정보가 백업 정책에 따라 보관되고 있지 않은 경우",상위 지침 또는 내부 지침에 따라 별도로 백업하여 관리하도록 명시된 일부 시스템(보안시스템 정책 및 로그 등)에 대한 백업이 이행되고 있지 않은 경우,상위 지침 또는 내부 지침에는 주기적으로 백업매체에 대한 복구 테스트를 수행하도록 정하고 있으나 복구테스트를 장기간 실시하지 않은 경우,,,,,
60,2.9.4,"로그 기록 대상, 방법, 보존기간, 검토 주기, 담당자 등에 대한 세부 기준 및 절차가 수립되어 있지 않은 경우","보안 이벤트 로그, 응용 프로그램 및 서비스 로그(Windows 2008 서버 이상)등 중요 로그 에 대한 최대 크기를 충분하게 설정하지 않아 내부 기준에 정한 기간 동안 기록`.보관되고 있지 않은 경우",중요 Linux/UNIX 계열 서버에 대한 로그 기록을 별도로 백업하거나 적절히 보호하지 않아 사용자의 명령 실행 기록 및 접속 이력 등을 임의로 삭제할 수 있는 경우,"개인정보처리시스템에 접속한 기록을 확인한 결과 접속자의 계정, 접속 일시, 접속자 IP주소 정보는 남기고 있으나 수행업무(조회, 변경, 삭제, 다운로드 등)와 관련된 정보를 남기고 있지 않은 경우",로그 서버의 용량의 충분하지 않아서 개인정보처리시스템 접속기록이 3개월 밖에 남아 있지 않은 경우,,,,
61,2.9.5,"중요 정보를 처리하고 있는 정보시스템에 대한 이상접속(휴일 새벽 접속, 우회경로 접속 등) 또는 이상행위(대량 데이터 조회 또는 소량 데이터의 지속적·연속적 조회 등)에 대한 모니터링 및 경고·알림 정책(기준)이 수립되어 있지 않은 경우",내부 지침 또는 시스템 등에 접근 및 사용에 대한 주기적인 점검·모니터링 기준을 마련하고 있으나 실제 이상접속 및 이상행위에 대한 검토 내역이 확인되지 않는 경우,정보통신망법을 적용 받는 정보통신서비스 제공자가 개인정보처리 시스템의 접속기록 점검주기를 반기 1회로 정하고 있는 경우,,,,,,
62,2.9.6,"일부 중요 시스템(보안시스템, CCTV 등)의 시각이 표준시와 동기화되어 있지 않으며 관련 동기화 여부에 대한 주기적 점검이 이행되고 있지 않은 경우","내부 NTP 서버와 시각을 동기화하도록 설정하고 있으나 일부 시스템의 시각이 동기화되지 않고 있고, 이에 대한 원인분석 및 대응이 이루어지고 있지 않은 경우",,,,,,,
63,2.9.7,"개인정보취급자 PC를 재사용할 경우 데이터 삭제 프로그램을 이용하여 완전삭제 하도록 정책 및 절차가 수립되어 있으나, 실제로는 완전삭제 조치 없이 재사용 하거나 기본 포맷만 하고 재사용하고 있는 등 관련 절차가 이행되고 있지 않은 경우","외부업체를 통해 저장매체를 폐기하고 있으나, 계약 내용 상 안전한 폐기 절차 및 보호대책에 대한 내용이 누락되어 있고 폐기 이행 증적 확인 및 실사 등의 관리 감독이 이루어지지 않은 경우",폐기된 HDD의 일련번호가 아닌 시스템 명을 기록하거나 폐기 대장을 작성하지 않아 폐기 이력 및 추적할 수 있는 증적을 확인할 수 없는 경우,회수한 폐기 대상 하드디스크가 완전 삭제되지 않은 상태로 잠금장치 되지 않은 장소에 방치되고 있는 경우,,,,,
64,2.10.1,침입차단시스템 보안정책에 대한 정기 검토가 수행되지 않아 불필요하거나 과도하게 허용된 정책이 다수 존재하는 경우,"보안시스템 보안정책의 신청, 변경, 삭제, 주기적 검토에 대한 절차 및 기준이 없거나, 절차는 있으나 이를 준수하지 않은 경우",보안시스템의 관리자 지정 및 권한 부여 현황에 대한 관리감독이 적절히 이행되고 있지 않은 경우,내부 지침에는 정보보호담당자가 보안시스템의 보안정책 변경 이력을 기록·보관하도록 정하고 있으나 정책관리대장을 주기적으로 작성하지 않고 있거나 정책관리대장에 기록된 보안 정책과 실제 운영 중인 시스템의 보안정책이 상이한 경우,,,,,
65,2.10.2,클라우드 서비스 계약서 내에 보안에 대한 책임 및 역할 등에 대한 사항이 포함되어 있지 않은 경우,클라우드 서비스의 보안설정을 변경할 수 있는 권한이 업무상 반드시 필요하지 않은 직원들에게 과도하게 부여되어 있는 경우,내부 지침에는 클라우드 내 사설 네트워크의 접근통제 룰(Rule) 변경 시 보안책임자 승인을 받도록 하고 있으나 승인절차를 거치지 않고 등록·변경된 접근제어 룰이 다수 발견된 경우,클라우드 서비스의 보안설정 오류로 내부 로그 파일이 인터넷을 통해 공개되어 있는 경우,,,,,
66,2.10.3,인터넷에 공개된 웹사이트의 취약점으로 인하여 구글 검색을 통해 열람 권한이 없는 타인의 개인정보에 접근할 수 있는 경우,"웹 사이트에 개인정보를 게시하는 경우 승인 절차를 거치도록 내부 규정이 마련되어 있으나, 이를 준수하지 않고 개인정보가 게시된 사례가 다수 존재한 경우",게시판 등의 웹 응용프로그램에서 타인이 작성한 글을 임의로 수정·삭제하거나 비밀번호로 보호된 글을 열람할 수 있는 경우,,,,,,
67,2.10.4,"전자결제대행업체와 위탁 계약을 맺고 연계를 하였으나, 적절한 인증 및 접근제한 없이 특정 URL을 통해 결제 관련 정보가 모두 평문으로 전송되는 경우",전자결제대행업체와 외부 연계 시스템이 전용망으로 연결되어 있으나 해당 연계 시스템에서 내부 업무 시스템으로의 접근이 침입차단시스템 등으로 적절히 통제되지 않고 있는 경우,"내부 지침에는 외부 핀테크 서비스 연계 시 정보보호팀의 보안성 검토를 받도록 되어 있으나, 최근에 신규 핀테크 서비스를 연계하면서 일정 상의 이유로 보안성 검토를 수행하지 않은 경우",,,,,,
68,2.10.5,"대외 기관과 연계 시 전용망 또는 VPN을 적용하고 중계서버와 인증서 적용 등을 통해 안전하게 정보를 전송하고 있으나 외부 기관별 연계 시기, 방식, 담당자 및 책임자, 연계 정보, 법적 근거 등에 대한 현황관리가 적절히 이루어지지 않고 있는 경우","중계과정에서의 암호 해제 구간 또는 취약한 암호화 알고리즘(DES, 3DES) 사용 등에 대한 보안성 검토, 보안표준 및 조치방안 수립 등에 대한 협의가 이행되고 있지 않은 경우",,,,,,,
69,2.10.6,"업무적인 목적으로 노트북, 태블릿PC 등 모바일기기를 사용하고 있으나 업무용 모바일 기 기에 대한 허용 기준, 사용 범위, 승인 절차, 인증 방법 등에 대한 정책이 수립되어 있지 않는 경우","모바일 기기 보안관리 지침에서는 모바일 기기의 업무용 사용을 원칙적으로 금지하고 필요 시 승인 절차를 통해 제한된 기간 동안 허가된 모바일 기기만 사용하도록 정하고 있으나, 허가된 모바일 기기가 식별·관리되지 않고 승인되지 않은 모바일 기기에서도 내부 정보시스템 접속이 가능한 경우",개인정보 처리업무에 이용되는 모바일 기기에 대하여 비밀번호 설정 등 도난·분실에 대한 보호대책이 적용되어 있지 않은 경우,"내부 규정에서는 업무용 단말기의 공유폴더 사용을 금지하고 있으나, 이에 대한 주기적인 점검이 이루어지고 있지 않아 다수의 업무용 단말기에서 과도하게 공유폴더를 설정하여 사용하고 있는 경우",,,,,
70,2.10.7,"통제구역인 서버실에서의 보조저장매체 사용을 제한하는 정책을 수립하여 운영하고 있으나, 예외 승인 절차를 준수하지 않고 보조저장매체를 사용한 이력이 다수 확인되었으며, 보조저장매체 관리실태에 대한 주기적 점검이 실시되지 않아 보조저장매체 관리대장의 현행화가 미흡한 경우",개인정보가 포함된 보조저장매체를 잠금장치가 있는 안전한 장소에 보관하지 않고 사무실 서랍 등에 방치하고 있는 경우,"보조저장매체 통제 솔루션을 도입·운영하고 있으나 일부 사용자에 대해 적절한 승인 절차없이 예외처리 되어, 쓰기 권한 등이 허용된 경우","전산실에 위치한 일부 공용 PC 및 전산장비에서 일반 USB에 대한 쓰기가 가능한 상황이나 매체 반입 및 사용 제한, 사용이력 기록 및 검토 등 통제가 적용되고 있지 않는 경우",,,,,
71,2.10.8,일부 시스템에서 타당한 사유나 책임자 승인 없이 OS패치가 장기간 적용되고 있지 않은 경우,"일부 시스템에 서비스 지원이 종료(EOS)된 OS버전을 사용 중이나, 이에 따른 대응계획이나 보완대책이 수립되어 있지 않은 경우","상용 소프트웨어 및 OS에 대해서는 최신패치가 적용되고 있으나, 오픈소스 프로그램(openssl, openssh, Apache 등)에 대해서는 최신 패치를 확인하고 적용하는 절차 및 담당자가 지정 되어 있지 않아 최신 보안패치가 적용되고 있지 않은 경우",,,,,,
72,2.10.9,"일부 PC 및 서버에 백신이 설치되어 있지 않거나, 백신 엔진이 장기간 최신 버전으로 업데이트되지 않은 경우","백신 프로그램의 환경설정(실시간 검사, 예약검사, 업데이트 설정 등)을 이용자가 임의로 변경할 수 있음에도 그에 따른 추가 보호대책이 수립되어 있지 않은 경우",백신 중앙관리시스템에 접근통제 등 보호대책이 미비하여 중앙관리시스템을 통한 침해사고 발생 가능성이 있는 경우 또는 백신 패턴에 대한 무결성 검증을 하지 않아 악의적인 사용자에 의한 악성코드 전파 가능성이 있는 경우,"일부 내부망 PC 및 서버에서 다수의 악성코드 감염이력이 확인되었으나 감염 현황, 감염경로 및 원인 분석, 그에 따른 조치내역 등이 확인되지 않은 경우",,,,,
73,2.11.1,침해사고에 대비한 침해사고 대응 조직 및 대응 절차를 명확히 정의하고 있지 않은 경우,"내부 지침 및 절차에 침해사고 단계별(사고 전, 인지, 처리, 복구, 보고 등) 대응 절차를 수립하여 명시하고 있으나 침해사고 발생 시 사고 유형 및 심각도에 따른 신고·통지 절차, 대응 및 복구 절차의 일부 또는 전부를 수립하고 있지 않은 경우",침해사고 대응 조직도 및 비상연락망 등을 현행화하지 않고 있거나 담당자별 역할과 책임이 명확히 정의되어 있지 않은 경우,"침해사고 신고·통지 및 대응 협조를 위한 대외기관 연락처에 기관명, 홈페이지, 연락처 등이 잘못 명시되어 있거나 일부 기관 관련 정보가 누락 또는 현행화 되지 않은 경우",외부 보안관제 전문업체 등 유관기관에 침해사고 탐지 및 대응을 위탁하여 운영하고 있으나 침해사고 대응에 대한 상호 간 관련 역할 및 책임 범위가 계약서나 SLA에 명확하게 정의되지 않은 경우,"침해사고 대응절차를 수립하였으나 개인정보 침해 신고 기준, 시점 등이 법적 요구사항을 준수하지 못한 경우",,,
74,2.11.2,"내부 규정에 연 1회 이상 주요 시스템에 대한 기술적 취약점 점검을 하도록 정하고 있으나, 주요 시스템 중 일부가 취약점 점검 대상에서 누락된 경우","취약점 점검에서 발견된 취약점에 대한 보완조치를 이행하지 않았거나, 단기간 내에 조치할 수 없는 취약점에 대한 타당성 검토 및 승인 이력이 없는 경우",,,,,,,
75,2.11.3,"외부로부터의 서버, 네트워크, 데이터베이스, 보안시스템에 대한 침해 시도를 인지할 수 있도록 하는 상시 또는 정기적 모니터링 체계 및 절차를 마련하고 있지 않은 경우","외부 보안관제 전문업체 등 외부 기관에 침해시도 모니터링 업무를 위탁 하고 있으나, 위탁업체가 제공한 관련 보고서를 검토한 이력이 확인되지 않거나 위탁 대상에서 제외된 시스템에 대한 자체 모니터링 체계를 갖추고 있지 않은 경우",내부적으로 정의한 임계치를 초과하는 이상 트래픽이 지속적으로 발견되고 있으나 이에 대한 대응조치가 이루어지고 있지 않는 경우,,,,,,
76,2.11.4,침해사고 모의훈련을 수행하지 않았거나 관련 계획서 및 결과보고서가 확인되지 않는 경우,연간 침해사고 모의훈련 계획을 수립하였으나 타당한 사유 또는 승인 없이 해당 기간 내에 실시하지 않은 경우,모의훈련을 계획하여 실시하였으나 관련 내부 지침에 정한 절차 및 서식에 따라 수행하지 않은 경우,,,,,,
77,2.11.5,"내부 침해사고 대응지침에는 침해사고 발생 시 정보보호위원회 및 이해관계 부서에게 보고 하도록 정하고 있으나, 침해사고 발생 시 담당 부서에서 자체적으로 대응 조치 후 정보보호위원회 및 이해관계 부서에 보고하지 않은 경우",최근 DDoS 공격으로 의심되는 침해사고로 인해 서비스 일부가 중단된 사례가 있으나 이에 대한 원인분석 및 재발방지 대책이 수립되지 않은 경우,,,,,,,
78,2.12.1,"IT 재해 복구 절차서 내에 IT 재해 복구 조직 및 역할 정의, 비상연락체계, 복구 절차 및 방법 등 중요한 내용이 누락되어 있는 경우",비상사태 발생 시 정보시스템의 연속성 확보 및 피해 최소화를 위해 백업센터를 구축하여 운영하고 있으나 관련 정책에 백업센터를 활용한 재해 복구 절차 등이 수립되어 있지 않아 재해 복구 시험 및 복구가 효과적으로 진행되기 어려운 경우,서비스 운영과 관련된 일부 중요 시스템에 대한 복구 목표시간이 정의되어 있지 않으며 이에 대한 적절한 복구 대책을 마련하고 있지 않은 경우,"재해 복구 관련 지침서 등에 IT 서비스 또는 시스템에 대한 복구 우선순위, 복구 목표시간(RTO), 복구 목표시점(RPO) 등이 정의되어 있지 않은 경우","현실적 대책 없이 복구 목표시간(RTO)을 과도 또는 과소하게 설정하고 있거나 복구 목표시점(RPO)과 백업정책(대상, 주기 등)이 적절히 연계되지 않아 복구 효과성을 보장할 수 없는 경우",,,,
79,2.12.2,재해 복구 훈련을 계획·시행하지 않았거나 관련 계획서 및 결과보고서가 확인되지 않는 경우,재해 복구 훈련 계획을 수립하였으나 타당한 사유 또는 승인 없이 계획대로 실시하지 않았거나 관련 결과보고가 확인되지 않는 경우,재해 복구 훈련을 계획하여 실시하였으나 내부 관련 지침에 정한 절차 및 서식에 따라 이행되지 않아 수립한 재해 복구 절차의 적정성 및 효과성을 평가하기 위한 훈련으로 보기 어려운 경우,,,,,,
80,3.1.1,회원가입 시 서비스 제공을 위해 필요한 최소한의 정보 외의 기타 정보들을 수집하면서 필수항목과 선택항목으로 구분하지 않고 일괄로 동의를 받는 경우,"회원가입 양식에서 필수정보와 선택정보로 나눠서 동의를 받고 있으나, 필수정보에 포함된 개인정보 항목에 서비스 제공을 위해 필요한 최소한의 정보 외의 과도한 개인정보 항목이 포함되어 있는 경우","회원가입 양식에서 필수와 선택 정보를 구분하여 별도 동의를 받도록 되어 있었으나, 선택정보에 대해 동의하지 않아도 회원가입이 가능함을 정보주체가 인지할 수 있도록 구체적으로 알리지 않은 경우 (개인정보 입력 양식에 개인정보 항목별로 필수, 선택 여부가 표시되어 있지 않은 경우 등)",홈페이지 회원가입 화면에서 선택사항에 대해 동의하지 않거나 선택정보를 입력하지 않으면 다음 단계로 넘어가지 않거나 회원가입이 차단되는 경우,채용 계약 시 채용 예정 직무와 직접 관련이 없는 가족사항 등 과도한 개인정보를 수집하는 경우,,,,
81,3.1.2,개인정보 보호법을 적용받는 개인정보처리자가 개인정보 수집 동의 시 고지 사항에 “동의 거부 권리 및 동의 거부에 따른 불이익 내용”을 누락한 경우,개인정보 수집 동의 시 수집하는 개인정보 항목을 구체적으로 명시하지 않고 등과 같이 포괄적으로 안내하는 경우,쇼핑몰 홈페이지에서 회원가입 시 회원가입에 필요한 개인정보 외에 추후 물품 구매 시 필요한 결제 배송 정보를 미리 필수 항목으로 수집하는 경우,"Q&A, 게시판을 통해 비회원의 개인정보(이름, 이메일, 휴대폰번호)를 수집하면서 개인정보 수집 동의 절차를 거치지 않은 경우",만 14세 미만 아동의 개인정보를 수집하면서 법정대리인의 동의를 받지 않은 경우,"만 14세 미만 아동에 대해 서비스를 제공하고 있지 않지만, 회원가입 단계에서 입력받는 생년월일을 통해 나이 체크를 하지 않아 법정대리인 동의 없이 가입 된 만 14세 미만 아동 회원이 존재한 경우",법정대리인의 진위 여부를 확인하는 절차가 미흡하여 미성년자 등 아동의 법정대리인으로 보기 어려운데도 법정대리인 동의가 가능한 경우,"만 14세 미만 아동으로부터 법정대리인 동의를 받는 목적으로 법정대리인의 개인정보(이름, 휴대폰번호)를 수집한 이후 법정대리인의 동의가 장기간 확인되지 않았음에도 이를 파 기하지 않고 계속 보유하고 있는 경우","법정대리인 동의에 근거하여 만 14세 미만 아동의 개인정보를 수집하였으나, 관련 기록을 보존하지 않아 법정대리인 동의와 관련된 사항(법정대리인명, 동의 일시 등)을 확인할 수 없는 경우"
82,3.1.3,"홈페이지 가입과 관련하여 실명확인, 단순 회원관리 목적을 위해 정보주체(이용자)의 동의에 근거하여 주민등록번호를 수집한 경우",정보주체의 주민등록번호를 시행규칙이나 지방자치단체의 조례에 근거하여 수집한 경우,"비밀번호 분실 시 본인확인 등의 목적으로 주민등록번호 뒷 6자리를 수집하지만, 관련된 법적 근거가 없는 경우",채용전형 진행단계에서 법적 근거 없이 입사지원자의 주민등록번호를 수집한 경우,"콜센터에 상품, 서비스 관련 문의 시 본인확인을 위해 주민등록번호를 수집한 경우",주민등록번호 수집 법정주의 시행 이전에 수집하여 저장하고 있던 주민등록번호를 현재 법적 근거가 없음에도 파기하지 않고 보관하고 있는 경우,주민등록번호 수집의 법적 근거가 있다는 사유로 홈페이지 회원가입 단계에서 대체수단을 제공하지 아니하고 주민등록번호를 입력받는 본인확인 및 회원가입 방법만을 제공한 경우,,
83,3.1.4,장애인에 대한 요금감면 등 혜택 부여를 위해 장애여부 등 건강에 관한 민감정보를 수집하면서 다른 개인정보 항목에 포함하여 일괄 동의를 받은 경우,회원가입 시 외국인에 한해 외국인등록번호를 수집하면서 다른 개인정보 항목에 포함하여 일괄 동의를 받은 경우,민감정보 또는 고유식별정보에 대하여 별도 동의를 받으면서 고지해야 할 4가지 사항 중에 일부를 누락하거나 잘못된 내용으로 고지하는 경우 (동의 거부 권리 및 동의 거부에 따른 불이익 사항을 고지하지 않은 경우 등),,,,,,
84,3.1.5,"인터넷 홈페이지, SNS에 공개된 개인정보를 수집하고 있는 상태에서 정보주체(이용자)의 수집출처 요구에 대한 처리절차가 존재하지 않는 경우","개인정보 보호법 제17조제1항제1호에 따라 다른 사업자로부터 개인정보 제공동의를 근거로 개인정보를 제공받았으나 이에 대해 해당 정보주체에게 3개월 내에 통지하지 않은 경우(단, 제공받은 사업자가 5만명 이상 정보주체의 민감정보 또는 고유식별정보를 처리하거나 100만명 이상 정보주체의 개인정보를 처리하는 경우)",서비스 제공과 직접 관련이 없는 타겟 마케팅 목적으로 쿠키에 포함된 개인정보를 동의받지 않고 수집하는 경우,,,,,,
85,3.1.6,영상정보처리기기 안내판의 고지 문구가 일부 누락 되어 운영되고 있거나 영상정보처리기기 운영·관리 방침을 수립·운영하고 있지 않는 경우,"영상정보처리기기 운영 관리 방침을 수립 운영하고 있으나 방침의 내용과 달리 보관기간을 준수하지 않고 운영되거나, 영상정보 보호를 위한 접근통제 및 로깅 등 방침에 기술한 사항이 준수 되지 않는 등 관리가 미흡한 경우","영상정보처리기기의 설치·운영 사무를 외부업체에 위탁을 주고 있으나 영상정보의 관리현황 점검에 관한 사항, 손해배상 책임에 관한 사항 등 법령에서 요구하는 내용을 영상정보처리기기 업무 위탁 계약서에 명시하지 않은 경우",영상정보처리기기의 설치·운영 사무를 외부업체에 위탁을 주고 있으나 영상정보처리기기 안내판에 수탁자의 명칭과 연락처를 누락하여 고지한 경우,,,,,
86,3.1.7,"‘홍보 및 마케팅’ 목적으로 개인정보를 수집하면서 ‘부가서비스 제공’, ‘제휴 서비스 제공’ 등과 같이 목적을 모호하게 안내하는 경우 또는 다른 목적으로 수집하는 개인정보와 구분 하지 않고 포괄 동의를 받는 경우","모바일 앱에서 광고성 정보전송(앱푸시)에 대해 거부 의사를 밝혔으나, 프로그램 오류 등의 이유로 광고성 앱 푸시가 이루어지는 경우","온라인 회원가입 화면에서 문자, 이메일에 의한 광고성 정보 전송에 대해 디폴트로 체크되어 있는 경우",광고성 정보 수신동의 여부에 대해 매 2년 마다 확인을 하지 않은 경우,,,,,
87,3.2.1,개인정보파일을 홈페이지의 개인정보파일 등록 메뉴를 통해 목록을 관리하고 있으나 그 중 일부 홈페이지 서비스와 관련된 개인정보파일의 내용이 개인정보 처리방침에 누락되어 있는 경우,"신규 개인정보파일을 구축한지 2개월이 경과하였으나, 해당 개인정보파일을 개인정보보호위원회(구.행정안전부)에 등록하지 않은 경우",개인정보보호위원회(구.행정안전부)에 등록되어 공개된 개인정보파일의 내용(수집하는 개인정보의 항목 등)이 실제 처리하고 있는 개인정보파일 현황과 상이한 경우,,,,,,
88,3.2.2,"인터넷 홈페이지를 통해 회원정보를 변경할 때는 본인확인 절차를 거치고 있으나, 고객센터 상담원과의 통화를 통한 회원 정보 변경 시에는 본인확인 절차가 미흡하여 회원정보의 불법적인 변경이 가능한 경우","온라인 회원에 대해서는 개인정보를 변경할 수 있는 방법을 제공하고 있으나, 오프라인 회원에 대해서는 개인정보를 변경할 수 있는 방법을 제공하고 있지 않은 경우",,,,,,,
89,3.2.3,개인정보 표시제한 조치 표준이 마련되어 있지 않거나 이를 준수하지 않는 등의 사유로 동일한 개인정보 항목에 대해 개인정보처리시스템 화면 별로 서로 다른 마스킹 기준이 적용된 경우,"개인정보처리시스템의 화면 상에서는 개인정보가 마스킹되어 표시되어 있으나, 웹브라우저 소스보기를 통해 마스킹되지 않은 전체 개인정보가 노출되는 경우",개인정보 검색 화면에서 전체적으로 like 검색이 허용되어 성씨만으로도 불필요하게 과도한 개인정보가 조회되는 경우,개인정보를 동의 받은 목적을 벗어나 빅데이터 분석에 활용하기 위해 비식별 조치를 하면서 '개인정보 비식별 조치 가이드라인'에 따른 공식적인 적정성 평가 절차를 거치지 않고 내부 인원만으로 적정성 평가를 수행한 경우,,,,,
90,3.2.4,"스마트폰 앱에서 서비스에 불필요함에도 불구하고 주소록, 사진, 문자 등 스마트폰 내 개인 정보 영역에 접근할 수 있는 권한을 과도하게 설정한 경우",정보통신서비스 제공자의 스마트폰 앱에서 스마트폰 내 저장되어 있는 정보 및 설치된 기능에 접근하면서 접근권한에 대한 고지 및 동의를 받지 않고 있는 경우,스마트폰 앱의 접근권한에 대한 동의를 받으면서 선택사항에 해당하는 권한을 필수권한으로 고지하여 동의를 받는 경우,"접근권한에 대한 개별동의가 불가능한 안드로이드 6.0 미만 버전을 지원하는 스마트폰 앱을 배포하면서 선택적 접근권한을 함께 설정하여, 선택적 접근권한에 대해 거부할 수 없도록 하고 있는 경우",,,,,
91,3.2.5,상품배송을 목적으로 수집한 개인정보를 사전에 동의 받지 않은 자사 상품의 통신판매 광고에 이용한 경우,"고객 만족도 조사, 경품 행사에 응모하기 위해 수집한 개인정보를 자사의 할인판매 행사 안내용 광고 발송에 이용한 경우",공공기관이 다른 법률에 근거하여 민원인의 개인정보를 목적 외로 타 기관에 제공하면서 관련 사항을 관보 또는 인터넷 홈페이지에 게시하지 않은 경우,공공기관이 범죄 수사의 목적으로 경찰서에 개인정보를 제공하면서 ‘개인정보 목적 외 이용 및 제3자 제공 대장'에 관련 사항을 기록하지 않은 경우,,,,,
92,3.3.1,"개인정보처리자가 개인정보 제3자 제공 동의를 받을 때 정보주체에게 고지하는 사항 중에 일부 사항(동의 거부권, 제공하는 항목 등)을 누락한 경우",개인정보를 제3자에게 제공하는 과정에서 제3자 제공 동의 여부를 적절히 확인하지 못하여 동의하지 않은 정보주체(이용자)의 개인정보가 함께 제공된 경우,"개인정보를 제공 동의를 받을 때, 제공받는 자를 특정하지 않고 ""~ 등""과 같이 포괄적으로 안내하고 동의를 받은 경우","회원 가입 단계에서 선택사항으로 제3자 제공 동의를 받고 있으나, 제3자 제공에 동의하지 않으면 회원 가입 절차가 더 이상 진행되지 않도록 되어 있는 경우",제공받는 자의 이용 목적과 관련 없이 지나치게 많은 개인정보를 제공하는 경우,,,,
93,3.3.2,홈페이지 개인정보 처리방침에 개인정보 처리업무 위탁 사항을 공개하고 있으나 일부 수탁자와 위탁하는 업무의 내용이 누락된 경우,정보통신서비스 제공자이면서 정보통신서비스 제공에 관한 계약 이행과 무관한 개인정보 처리 업무를 위탁하면서 수탁자를 개인정보 처리방침에 공개하는 것으로 갈음하여 이용자 의 동의를 받지 않은 경우,정보통신서비스 제공자로부터 개인정보 처리업무를 위탁받은 수탁자가 위탁자의 승인없이 개인정보 처리업무를 재위탁 한 경우,,,,,,
94,3.3.3,정보통신서비스 제공자가 영업 양수를 통해 개인정보를 이전 받으면서 양도자가 이미 통지했다는 이유로 개인정보 이전 사실 등에 대해 이용자에게 알리지 않은 경우,개인정보처리자가 영업 양수를 통해 개인정보를 이전 받으면서 양도자가 개인정보 이전 사실을 알리지 않았음에도 개인정보 이전 사실을 정보주체에게 알리지 않은 경우,"영업 양수도 등에 의해 개인정보를 이전 받으면서 정보주체(이용자)가 이전을 원하지 않은 경우 조치할 수 있는 방법과 절차를 마련하지 않거나, 이를 정보주체(이용자)에게 알리지 않은 경우",,,,,,
95,3.3.4,개인정보를 처리하는 과정에서 해외 사업자에게 개인정보 국외 이전이 발생하였으나 이에 대한 동의를 받지 않은 경우,"정보통신서비스 제공자가 필수적인 서비스 제공을 위하여 해외 클라우드 서비스를 이용하여 개인정보 처리위탁 및 보관을 하면서 이전되는 국가, 이전 방법 등 관련 사항을 홈페이지에 공개하거나 이용자에게 알리지 않은 경우",정보통신서비스 제공자가 개인정보 국외 이전에 대한 동의를 받으면서 이전 받는 자의 명칭(업체명)만 고지하고 이전되는 국가 등에 대해 알리지 않은 경우,"정보통신서비스 제공자가 계약의 이행 및 이용자 편의 증진과 직접적인 관련이 없는 개인정보 처리업무를 위해 해외 클라우드 서비스(일본 도쿄 리전, 미국 버지니아 리전 등)를 사 용하면서 국외 이전 관련 이용자 동의를 받지 않은 경우",,,,,
96,3.4.1,"회원 탈퇴 등 목적이 달성되거나 보유기간이 경과된 경우 회원DB에서는 해당 개인정보를 파기하였으나 CRM, DW 등 연계된 개인정보처리시스템에 복제되어 저장되어 있는 개인정보를 파기하지 않은 경우",특정 기간 동안 이벤트를 하면서 수집된 개인정보에 대해 이벤트가 종료된 이후에도 파기기준이 수립되어 있지 않거나 파기가 이루어지고 있지 않은 경우,"콜센터에서 수집되는 민원처리 관련 개인정보(상담이력, 녹취 등)를 전자상거래법을 근거로 3년간 보존하고 있으나, 3년이 경과한 후에도 파기하지 않고 보관하고 있는 경우",,,,,,
97,3.4.2,탈퇴회원 정보를 파기하지 않고 전자상거래법에 따라 일정기간 보관하면서 Flag값만 변경하여 다른 회원정보와 동일한 테이블에 보관하고 있는 경우,전자상거래법에 따른 소비자 불만 및 분쟁처리에 관한 기록을 법적 의무보존 기간인 3년을 초과하여 5년간 보존하고 있는 경우,분리 DB를 구성하였으나 접근권한을 별도로 설정하지 않아 업무상 접근이 불필요한 인원도 분리 DB에 자유롭게 접근이 가능한 경우,,,,,,
98,3.4.3,개인정보 유효기간제를 적용받는 정보통신서비스 제공자가 1년 이상 서비스를 접속하지 않은 이용자의 개인정보를 지체 없이 파기 또는 분리 보관하지 않고 월단위로 파기 또는 분리보관하고 있는 경우,"1년간 홈페이지에 로그인 하지 않은 회원정보를 별도 DB에 분리 보관하였으나, 이 때 분리된 회원DB에 접근 가능한 관리자를 최소인원으로 제한하지 않고 기존에 고객DB의 조회 권한이 부여된 개발자, 운영자 모두가 분리된 회원DB에서 고객정보 조회가 가능한 경우","휴면 이용자의 재이용 요청에 대비하여 회원 DB에 일부 정보를 남겨두면서 이름, 연락처 등 과도한 정보를 저장하고 있는 경우",,,,,,
99,3.5.1,"개인정보 처리방침에 공개되어 있는 개인정보 수집, 제3자 제공 내역이 실제 수집 및 제공하는 내역과 다른 경우","개인정보 보호책임자의 변경, 수탁자 변경 등 개인정보 처리방침 공개 내용 중에 변경사항이 발생하였음에도 이를 반영하여 변경하지 않은 경우","개인정보 처리방침이 공개는 되어 있으나, 명칭이 '개인정보 처리방침이 아니라 ‘개인정보보호정책’으로 되어 있고 글자 크기, 색상 등을 활용하여 정보주체(이용자)가 쉽게 찾을 수 있도록 되어 있지 않은 경우",개인정보 처리방침이 수차례 개정되었으나 예전에 작성된 개인정보 처리방침의 내용을 확인할 수 있도록 공개되어 있지 않은 경우,,,,,
100,3.5.2,"개인정보의 열람, 정정·삭제, 처리정지 요구 방법을 정보주체가 알 수 있도록 공개하지 않은 경우",개인정보의 열람 요구에 대하여 정당한 사유의 통지 없이 열람 요구를 접수받은 날로부터 10일을 초과하여 회신하고 있는 경우,개인정보의 열람 민원에 대한 처리 내역 기록 및 보관이 이루어지지 않은 경우,정보주체 당사자 또는 정당한 대리인이 맞는지에 대한 확인 절차 없이 열람 통지가 이루어 지는 경우,개인정보의 정정·삭제 요구에 대하여 정정·삭제 요구를 접수받은 날로부터 10일을 초과 하여 회신하는 경우,"회원 가입 시에는 온라인을 통해 쉽게 회원 가입이 가능하였으나, 회원 탈퇴 시에는 신분증 등 추가 서류를 제출하게 하거나 오프라인 방문을 통해서만 가능하도록 하는 경우",,,
101,3.5.3,"전년도 정보통신서비스 부문 매출액이 100억원 이상이었으나, 금년도에 개인정보 이용내역을 통지하지 않은 경우",개인정보 이용내역을 개별 이용자에게 직접적으로 통지하는 대신 홈페이지에서 팝업창이나 별도 공지사항으로 안내만 한 경우,,,,,,,